WEBADDR,INSTNM
https://www.aamu.edu/,Alabama A & M University
https://www.uab.edu/,University of Alabama at Birmingham
https://www.amridgeuniversity.edu/,Amridge University
https://www.uah.edu/,University of Alabama in Huntsville
https://www.alasu.edu/,Alabama State University
https://www.uasystem.edu/,University of Alabama System Office
https://www.ua.edu/,The University of Alabama
https://www.cacc.edu/,Central Alabama Community College
https://www.athens.edu/,Athens State University
https://www.aum.edu/,Auburn University at Montgomery
https://www.auburn.edu/,Auburn University
https://www.bsc.edu/,Birmingham-Southern College
https://www.cv.edu/,Chattahoochee Valley Community College
https://www.southuniversity.edu/,South University-Montgomery
https://www.escc.edu/,Enterprise State Community College
https://www.coastalalabama.edu/,Coastal Alabama Community College
https://www.faulkner.edu/,Faulkner University
https://www.gadsdenstate.edu/,Gadsden State Community College
https://www.nbccosmetology.com/,New Beginning College of Cosmetology
https://www.wallace.edu/,George C Wallace Community College-Dothan
https://www.wallacestate.edu/,George C Wallace State Community College-Hanceville
https://www.wccs.edu/,George C Wallace State Community College-Selma
https://www.herzing.edu/,Herzing University-Birmingham
https://www.huntingdon.edu/,Huntingdon College
https://www.hcu.edu/,Heritage Christian University
https://drakestate.edu/,J. F. Drake State Community and Technical College
https://www.istc.edu/,J F Ingram State Technical College
https://www.jsu.edu/,Jacksonville State University
https://www.jeffersonstate.edu/,Jefferson State Community College
https://calhoun.edu/,John C Calhoun State Community College
https://www.lawsonstate.edu/,Lawson State Community College
https://www.uwa.edu/,University of West Alabama
https://www.lbwcc.edu/,Lurleen B Wallace Community College
https://www.marionmilitary.edu/,Marion Military Institute
https://www.miles.edu/,Miles College
https://www.umobile.edu/,University of Mobile
https://www.montevallo.edu/,University of Montevallo
https://www.nwscc.edu/,Northwest Shoals Community College
https://www.una.edu/,University of North Alabama
https://www.nacc.edu/,Northeast Alabama Community College
https://www2.oakwood.edu/,Oakwood University
https://www.rstc.edu/,Reid State Technical College
https://www.bishop.edu/,Bishop State Community College
https://www.samford.edu/,Samford University
https://selmau.edu/,Selma University
https://www.sheltonstate.edu/,Shelton State Community College
https://www.snead.edu/,Snead State Community College
https://www.southalabama.edu/,University of South Alabama
https://www.shc.edu/,Spring Hill College
https://stillman.edu/,Stillman College
https://www.talladega.edu/,Talladega College
https://www.trenholmstate.edu/,H Councill Trenholm State Community College
https://www.troy.edu/,Troy University
https://www.tuskegee.edu/,Tuskegee University
https://www.ussa.edu/,United States Sports Academy
https://www.bscc.edu/,Bevill State Community College
https://www.uaa.alaska.edu/,University of Alaska Anchorage
https://www.akbible.edu/,Alaska Bible College
https://www.uaf.edu/,University of Alaska Fairbanks
https://www.uas.alaska.edu/,University of Alaska Southeast
https://www.alaskapacific.edu/,Alaska Pacific University
https://www.avtec.edu/,Alaska Vocational Technical Center
https://chartercollege.edu/,Charter College
https://www.alaskacareercollege.edu/,Alaska Career College
https://www.alaska.edu/,University of Alaska System of Higher Education
https://www.empire.edu/,Empire Beauty School-Tucson
https://carrington.edu/,Carrington College-Phoenix North
https://carrington.edu/,Carrington College-Mesa
https://carrington.edu/,Carrington College-Tucson
https://www.arizonaacademy.com/,Arizona Academy of Beauty
https://www.aai.edu/,Miller-Motte College-Arizona Automotive Institute
https://www.brooklinecollege.edu/,Brookline College-Phoenix
https://www.asu.edu/,Arizona State University Campus Immersion
https://www.azwestern.edu/,Arizona Western College
https://www.arizona.edu/,University of Arizona
https://www.centralaz.edu/,Central Arizona College
https://www.charlesofitaly.edu/,Charles of Italy Beauty College
https://www.cochise.edu/,Cochise County Community College District
https://www.empire.edu/,Empire Beauty School-Chandler
https://avalon.edu/mesa-az/,Avalon Institute-Mesa
https://www.eac.edu/,Eastern Arizona College
https://prescott.erau.edu/,Embry-Riddle Aeronautical University-Prescott
https://tsoa.edu/,The School of Architecture
https://www.gccaz.edu/,Glendale Community College
https://www.gcu.edu/,Grand Canyon University
https://www.maricopa.edu/,Maricopa Community College System Office
https://www.gatewaycc.edu/,GateWay Community College
https://www.mesacc.edu/,Mesa Community College
https://www.mohave.edu/,Mohave Community College
https://www.uti.edu/,Universal Technical Institute of Arizona Inc-Motorcycle Mechanics Institute Division
https://www.dinecollege.edu/,Dine College
https://nau.edu/,Northern Arizona University
https://www.npc.edu/,Northland Pioneer College
https://www.phoenixcollege.edu/,Phoenix College
https://www.pima.edu/,Pima Community College
https://pmi.edu/,Pima Medical Institute-Tucson
https://pmi.edu/,Pima Medical Institute-Albuquerque
https://prescott.edu/,Prescott College
https://www.rsi.edu/,Refrigeration School Inc
https://www.rio.maricopa.edu/,Rio Salado College
https://www.roberto-venn.com/,Roberto-Venn School of Luthiery
https://www.scottsdalecc.edu/,Scottsdale Community College
https://www.southmountaincc.edu/,South Mountain Community College
https://arizonachristian.edu/,Arizona Christian University
https://www.uti.edu/,Universal Technical Institute of Arizona Inc
https://www.yc.edu/,Yavapai College
https://ualr.edu/www/,University of Arkansas at Little Rock
https://www.uams.edu/,University of Arkansas for Medical Sciences
https://www.arkansasbaptist.edu/,Arkansas Baptist College
https://arbs.edu/,Arkansas Beauty School-Little Rock
https://www.arkansasbeautycollege.us/,Arkansas Beauty College
https://www.lyon.edu/,Lyon College
https://www.arktech.edu/,Arkansas Technical School
https://www.arthursbeautycollege.com/,Arthur's Beauty College
https://www.uark.edu/,University of Arkansas
https://www.uapb.edu/,University of Arkansas at Pine Bluff
https://www.asub.edu/,Arkansas State University-Beebe
https://www.astate.edu/,Arkansas State University
https://www.atu.edu/,Arkansas Tech University
https://www.uamont.edu/,University of Arkansas at Monticello
https://arthursbeautycollege.com/,Arthur's Beauty College
https://www.bhclr.edu/,Baptist Health College Little Rock
https://www.blackrivertech.edu/,Black River Technical College
https://www.uca.edu/,University of Central Arkansas
https://www.cbc.edu/,Central Baptist College
https://www.cccua.edu/,Cossatot Community College of the University of Arkansas
https://www.crc.edu/,Crowley's Ridge College
https://www.eacc.edu/,East Arkansas Community College
https://paulmitchell.edu/littlerock,Paul Mitchell the School-Little Rock
https://www.np.edu/,National Park College
https://www.uaccb.edu/,University of Arkansas Community College-Batesville
https://www.harding.edu/,Harding University
https://www.hsu.edu/,Henderson State University
https://www.hendrix.edu/,Hendrix College
https://hotspringsbeautycollege.com/,Hot Springs Beauty College
https://www.jrmc.org/,Jefferson Regional School of Nursing
https://www.jbu.edu/,John Brown University
https://www.beautynwa.com/,Career Academy of Hair Design
https://www.academysalonspa.com/,Academy of Salon and Spa
https://www.asumidsouth.edu/,Arkansas State University Mid-South
https://www.anc.edu/,Arkansas Northeastern College
https://newtylerbarbercollege.edu/,New Tyler Barber College Inc
https://www.northark.edu/,North Arkansas College
https://www.nwti.edu/,Northwest Technical Institute
https://obu.edu/,Ouachita Baptist University
https://www.asutr.edu/,Arkansas State University Three Rivers
https://www.ozarka.edu/,Ozarka College
https://ozarks.edu/,University of the Ozarks
https://www.uaccm.edu/,University of Arkansas Community College-Morrilton
https://www.philander.edu/,Philander Smith University
https://www.pccua.edu/,Phillips Community College of the University of Arkansas
https://www.seark.edu/,Southeast Arkansas College
https://www.pcec.edu/,University of Aesthetics & Cosmetology
https://uaptc.edu/,University of Arkansas-Pulaski Technical College
https://www.uaht.edu/,University of Arkansas Hope-Texarkana
https://www.uarichmountain.edu/,University of Arkansas Community College Rich Mountain
https://paulmitchell.edu/arkansas/,Paul Mitchell the School-Arkansas
https://searcybeautycollege.com/,Searcy Beauty College
https://www.shortercollege.edu/,Shorter College
https://williamsbaptistuniversity.com/,Williams Baptist University
https://www.southark.edu/,South Arkansas College
https://www.saumag.edu/,Southern Arkansas University Main Campus
https://www.sautech.edu/,Southern Arkansas University Tech
https://www.uasys.edu/,University of Arkansas System Office
https://www.velvatexcollege.com/,Velvatex College of Beauty Culture
https://uafs.edu/,University of Arkansas-Fort Smith
https://www.academyart.edu/,Academy of Art University
https://www.acchs.edu/,Academy of Chinese Culture and Health Sciences
https://alameda.edu/,College of Alameda
https://www.hancockcollege.edu/,Allan Hancock College
https://www.aada.edu/,American Academy of Dramatic Arts-Los Angeles
https://www.bst.edu/,Berkeley School of Theology
https://www.afi.com/,American Film Institute Conservatory
https://www.americanbeautycollege.edu/,American Beauty College
https://americancareercollege.edu/,American Career College-Los Angeles
https://www.arc.losrios.edu/,American River College
https://www.avc.edu/,Antelope Valley Community College District
https://www.artcenter.edu/,Art Center College of Design
https://www.atcla.edu/,Associated Technical College-Los Angeles
https://www.atcsd.edu/,Associated Technical College-San Diego
https://www.apu.edu/,Azusa Pacific University
https://www.bakersfieldcollege.edu/,Bakersfield College
https://www.barstow.edu/,Barstow Community College
https://www.bellusacademy.edu/,Bellus Academy-Chula Vista
https://www.buc.edu/,Bethesda University
https://www.biola.edu/,Biola University
https://brownson.edu/,Brownson Technical School
https://bryanuniversity.edu/,Bryan University
https://www.butte.edu/,Butte College
https://www.ciis.edu/,California Institute of Integral Studies
https://www.cabrillo.edu/,Cabrillo College
https://www.calbaptist.edu/,California Baptist University
https://www.cca.edu/,California College of the Arts
https://www.uclawsf.edu/,University of California College of the Law-San Francisco
https://www.caltech.edu/,California Institute of Technology
https://www.callutheran.edu/,California Lutheran University
https://calpoly.edu/,California Polytechnic State University-San Luis Obispo
https://www.alliant.edu/,Alliant International University-San Diego
https://www.csub.edu/,California State University-Bakersfield
https://www.csustan.edu/,California State University-Stanislaus
https://www.calstate.edu/,California State University-Chancellors Office
https://www.csusb.edu/,California State University-San Bernardino
https://www.cpp.edu/,California State Polytechnic University-Pomona
https://www.csuchico.edu/,California State University-Chico
https://www.csudh.edu/,California State University-Dominguez Hills
https://www.fresnostate.edu/,California State University-Fresno
https://www.fullerton.edu/,California State University-Fullerton
https://www.csueastbay.edu/,California State University-East Bay
https://www.csulb.edu/,California State University-Long Beach
https://www.calstatela.edu/,California State University-Los Angeles
https://www.csun.edu/,California State University-Northridge
https://www.csus.edu/,California State University-Sacramento
https://www.berkeley.edu/,University of California-Berkeley
https://ucdavis.edu/,University of California-Davis
https://www.uci.edu/,University of California-Irvine
https://www.ucla.edu/,University of California-Los Angeles
https://www.ucr.edu/,University of California-Riverside
https://www.ucsd.edu/,University of California-San Diego
https://ucsf.edu/,University of California-San Francisco
https://www.ucsb.edu/,University of California-Santa Barbara
https://www.ucsc.edu/,University of California-Santa Cruz
https://www.sofia.edu/,Sofia University
https://www.calbeautycollege.edu/,California Beauty School
https://www.calchristiancollege.edu/,California Christian College
https://www.haven.edu/,Haven University
https://chdaschools.com/,California Hair Design Academy
https://www.calarts.edu/,California Institute of the Arts
https://www.csum.edu/,California State University Maritime Academy
https://www.cwsl.edu/,California Western School of Law
https://canadacollege.edu/,Canada College
https://www.canyons.edu/,College of the Canyons
https://caofb.com/,Career Academy of Beauty
https://www.casalomacollege.edu/,Casa Loma College-Los Angeles
https://www.cetweb.edu/,CET-San Diego
https://cetweb.edu/,CET-San Jose
https://cetweb.edu/,CET-El Centro
https://cetweb.edu/,CET-Colton
https://www.cetweb.edu/,CET-Watsonville
https://cetweb.edu/,CET-Salinas
https://www.cerritos.edu/,Cerritos College
https://cerrocoso.edu/,Cerro Coso Community College
https://www.chabotcollege.edu/,Chabot College
https://www.chaffey.edu/,Chaffey College
https://www.chapman.edu/,Chapman University
https://www.cdrewu.edu/,Charles R Drew University of Medicine and Science
https://www.cui.edu/,Concordia University-Irvine
https://sdcc.edu/,San Diego Christian College
https://www.cdsp.edu/,Church Divinity School of the Pacific
https://www.citruscollege.edu/,Citrus College
https://chbeautycollege.com/,Citrus Heights Beauty College
https://www.ccsf.edu/,City College of San Francisco
https://www.cgu.edu/,Claremont Graduate University
https://www.cmc.edu/,Claremont McKenna College
https://www.milaninstitute.edu/,Milan Institute-Visalia
https://clovisadult.cusd.com/,Clovis Adult Education
https://www.cccd.edu/,Coast Community College District Office
https://www.coastline.edu/,Coastline Community College
https://usv.edu/,University of Silicon Valley
https://www.coba.edu/,Coba Academy
https://www.westernu.edu/,Western University of Health Sciences
https://www.gocolumbia.edu/,Columbia College
https://www.columbiacollege.edu/,California College of ASU
https://www.compton.edu/,Compton College
https://www.4cd.edu/,Contra Costa Community College District Office
https://www.contracosta.edu/,Contra Costa College
https://www.crc.losrios.edu/,Cosumnes River College
https://www.craftonhills.edu/,Crafton Hills College
https://www.cuesta.edu/,Cuesta College
https://www.cuyamaca.edu/,Cuyamaca College
https://www.cypresscollege.edu/,Cypress College
https://www.deanza.edu/,De Anza College
https://btyschool.com/,International School of Beauty Inc
https://www.dellarte.com/school,Dell'Arte International School of Physical Theatre
https://www.collegeofthedesert.edu/,College of the Desert
https://www.disd.edu/,Design Institute of San Diego
https://drbu.edu/,Dharma Realm Buddhist University
https://www.dvc.edu/,Diablo Valley College
https://www.dominican.edu/,Dominican University of California
https://www.dspt.edu/,Dominican School of Philosophy & Theology
https://www.elac.edu/,East Los Angeles College
https://www.elcamino.edu/,El Camino Community College District
https://www.emperors.edu/,Emperor's College of Traditional Oriental Medicine
https://empcol.edu/,Empire College
https://www.evc.edu/,Evergreen Valley College
https://www.fidm.edu/,FIDM-Fashion Institute of Design & Merchandising
https://www.frc.edu/,Feather River Community College District
https://federico.edu/,Federico Beauty Institute
https://www.fielding.edu/,Fielding Graduate University
https://www.fivebranches.edu/,Five Branches University
https://rbbeautycollege.com/,Redondo Beach Beauty College
https://foothill.edu/,Foothill College
https://www.fst.edu/,Franciscan School of Theology
https://www.fandcbeauty.com/,Fredrick and Charles Beauty College
https://www.fresnocitycollege.edu/,Fresno City College
https://www.fresno.edu/,Fresno Pacific University
https://www.fhda.edu/,Foothill-De Anza Community College District
https://www.fuller.edu/,Fuller Theological Seminary
https://www.fullcoll.edu/,Fullerton College
https://www.gavilan.edu/,Gavilan College
https://www.gia.edu/gem-education,Gemological Institute of America-Carlsbad
https://www.glendale.edu/,Glendale Community College
https://www.success.edu/,Glendale Career College
https://www.ggu.edu/,Golden Gate University
https://www.goldenwestcollege.edu/,Golden West College
https://www.gtu.edu/,Graduate Theological Union
https://www.gcccd.edu/,Grossmont-Cuyamaca Community College District
https://www.grossmont.edu/,Grossmont College
https://www.salonsuccessacademy.com/,Salon Success Academy-Riverside
https://www.hartnell.edu/,Hartnell College
https://www.hmc.edu/,Harvey Mudd College
https://www.hilltopbeautyschool.com/,Hilltop Beauty School
https://www.pacifica.edu/,Pacifica Graduate Institute
https://www.humboldt.edu/,California State Polytechnic University-Humboldt
https://www.humphreys.edu/,Humphreys University-Stockton and Modesto Campuses
https://www.imperial.edu/,Imperial Valley College
https://ibt.edu/,Institute for Business and Technology
https://www.idi.edu/,Interior Designers Institute
https://www.toniguy.edu/,International School of Cosmetology
https://www.ivc.edu/,Irvine Valley College
https://www.bellusacademy.edu/,Bellus Academy-El Cajon
https://www.aju.edu/,American Jewish University
https://www.reedleycollege.edu/,Reedley College
https://lifepacific.edu/,Life Pacific University
https://www.laverne.edu/,University of La Verne
https://www.lcad.edu/,Laguna College of Art and Design
https://www.ltcc.edu/,Lake Tahoe Community College
https://www.lancasterbeautyschool.com/,Lancaster Beauty School
https://laney.edu/,Laney College
https://www.lassencollege.edu/,Lassen Community College
https://labi.edu/,Latin American Bible Institute
https://www.lifewest.edu/,Life Chiropractic College West
https://lincolnuca.edu/,Lincoln University
https://www.socalsem.edu/,Southern California Seminary
https://lasierra.edu/,La Sierra University
https://www.llu.edu/index.html,Loma Linda University
https://www.lbcc.edu/,Long Beach City College
https://www.scuhs.edu/,Southern California University of Health Sciences
https://www.laccd.edu/,Los Angeles Community College District Office
https://www.lahc.edu/,Los Angeles Harbor College
https://www.lapc.edu/,Los Angeles Pierce College
https://www.lasc.edu/,Los Angeles Southwest College
https://www.lattc.edu/,Los Angeles Trade Technical College
https://www.lavc.edu/,Los Angeles Valley College
https://www.masters.edu/,The Master's University and Seminary
https://www.lacitycollege.edu/,Los Angeles City College
https://dhs.lacounty.gov/college-of-nursing-and-allied-health/,Los Angeles County College of Nursing and Allied Health
https://www.lamission.edu/,Los Angeles Mission College
https://www.losmedanos.edu/,Los Medanos College
https://www.losrios.edu/,Los Rios Community College District Office
https://www.lmu.edu/,Loyola Marymount University
https://www.lurossacademy.com/,Lu Ross Academy
https://lylescolleges.com/,Lyle's College of Beauty
https://lylescolleges.com/,Lyle's College of  Beauty
https://www.lytlesrebc.edu/,Lytles Redwood Empire Beauty College
https://campus.edu/,MTI College
https://www.marin.edu/,College of Marin
https://www.mendocino.edu/,Mendocino College
https://www.menlo.edu/,Menlo College
https://www.mccd.edu/,Merced College
https://www.merritt.edu/,Merritt College
https://oakland.northeastern.edu/,Northeastern University Oakland
https://www.miracosta.edu/,MiraCosta College
https://www.missioncollege.edu/,Mission College
https://www.modernbeautyacademy.org/,Modern Beauty Academy
https://www.mjc.edu/,Modesto Junior College
https://moler.org/,Moler Barber College
https://www.middlebury.edu/institute/,Middlebury Institute of International Studies at Monterey
https://www.mpc.edu/,Monterey Peninsula College
https://www.moorparkcollege.edu/index.shtml,Moorpark College
https://www.mtsac.edu/,Mt San Antonio College
https://www.msmu.edu/,Mount Saint Mary's University
https://www.msjc.edu/,Mt San Jacinto Community College District
https://www.mi.edu/,Musicians Institute
https://www.napavalley.edu/,Napa Valley College
https://www.nhi.edu/,National Holistic Institute
https://www.nu.edu/,National University
https://www.nps.edu/,Naval Postgraduate School
https://www.newschoolarch.edu/,Newschool of Architecture and Design
https://www.adrians.edu/,North Adrian's College of Beauty Inc
https://www.nocccd.edu/,North Orange County Community College District
https://www.north-westcollege.edu/,North-West College-Pomona
https://www.nw.edu/locations/west-covina-campus/,North-West College-West Covina
https://www.north-westcollege.edu/,North-West College-Van Nuys
https://www.sfbu.edu/,San Francisco Bay University
https://www.ndnu.edu/,Notre Dame de Namur University
https://www.oxy.edu/,Occidental College
https://www.ohlone.edu/,Ohlone College
https://orangecoastcollege.edu/,Orange Coast College
https://www.otis.edu/,Otis College of Art and Design
https://www.oxnardcollege.edu/,Oxnard College
https://www.hiu.edu/,Hope International University
https://www.concorde.edu/campus/san-diego-california,Concorde Career College-San Diego
https://www.paloaltou.edu/,Palo Alto University
https://www.pacificoaks.edu/,Pacific Oaks College
https://www.psr.edu/,Pacific School of Religion
https://www.psuca.edu/,Pacific States University
https://www.puc.edu/,Pacific Union College
https://www.pacific.edu/,University of the Pacific
https://www.paloverde.edu/,Palo Verde College
https://www2.palomar.edu/,Palomar College
https://pasadena.edu/,Pasadena City College
https://www.pepperdine.edu/,Pepperdine University
https://www.peralta.edu/,Peralta Community College System Office
https://www.pitzer.edu/,Pitzer College
https://www.pointloma.edu/,Point Loma Nazarene University
https://www.pomona.edu/,Pomona College
https://www.portervillecollege.edu/,Porterville College
https://www.pib.edu/,Professional Institute of Beauty
https://www.sac.edu/,Santa Ana College
https://www.pardeerand.edu/,Pardee RAND Graduate School
https://www.shastaschoolofcosmetology.com/,Shasta School of Cosmetology
https://www.redlands.edu/,University of Redlands
https://www.redwoods.edu/,College of the Redwoods
https://www.salonsuccessacademy.com/,Salon Success Academy-Upland
https://www.salonsuccessacademy.com/,Salon Success Academy-Corona
https://www.riohondo.edu/,Rio Hondo College
https://www.rcc.edu/,Riverside City College
https://www.dula.edu/,Dongguk University Los Angeles
https://www.scc.losrios.edu/,Sacramento City College
https://www.saddleback.edu/,Saddleback College
https://www.samuelmerritt.edu/,Samuel Merritt University
https://www.sdccd.edu/,San Diego Community College District-District Office
https://www.sdcity.edu/,San Diego City College
https://www.sdmesa.edu/,San Diego Mesa College
https://www.sdmiramar.edu/,San Diego Miramar College
https://www.sdsu.edu/,San Diego State University
https://www.sandiego.edu/,University of San Diego
https://sfcm.edu/,San Francisco Conservatory of Music
https://www.sfsu.edu/,San Francisco State University
https://www.usfca.edu/,University of San Francisco
https://www.sjcl.edu/,San Joaquin College of Law
https://www.deltacollege.edu/,San Joaquin Delta College
https://www.sjvc.edu/,San Joaquin Valley College-Visalia
https://www.sjvc.edu/,San Joaquin Valley College-Bakersfield
https://www.jessup.edu/,William Jessup University
https://www.sjeccd.edu/,San Jose-Evergreen Community College District
https://www.sjcc.edu/,San Jose City College
https://www.sjsu.edu/,San Jose State University
https://www.smccd.edu/,San Mateo County Community College District Office
https://www.collegeofsanmateo.edu/,College of San Mateo
https://www.sbcc.edu/,Santa Barbara City College
https://www.scu.edu/,Santa Clara University
https://www.smc.edu/,Santa Monica College
https://www.santarosa.edu/,Santa Rosa Junior College
https://www.saybrook.edu/,Saybrook University
https://www.scrippscollege.edu/,Scripps College
https://www.cos.edu/,College of the Sequoias
https://www.shasta.edu/,Shasta Bible College and Graduate School
https://www.shastacollege.edu/,Shasta College
https://www.sierracollege.edu/,Sierra College
https://sierrabeautycollege.net/blog3/,Sierra College of Beauty
https://www.tiu.edu/law,Trinity Law School
https://www.simpsonu.edu/,Simpson University
https://www.siskiyous.edu/,College of the Siskiyous
https://www.caj.scusd.edu/,Charles A Jones Career and Education Center
https://skylinecollege.edu/,Skyline College
https://www.valleycollege.edu/,San Bernardino Valley College
https://www.stmarys-ca.edu/,Saint Mary's College of California
https://welcome.solano.edu/,Solano Community College
https://sonoma.edu/,Sonoma State University
https://www.southbaylo.edu/,South Baylo University
https://www.southcoastcollege.edu/,South Coast College
https://www.vanguard.edu/,Vanguard University of Southern California
https://www.concorde.edu/campus/garden-grove-california,Concorde Career College-Garden Grove
https://www.swccd.edu/,Southwestern College
https://www.sksm.edu/,Starr King School for the Ministry
https://www.scccd.edu/,State Center Community College District
https://www.ketchum.edu/,Marshall B Ketchum University
https://www.sciarc.edu/,Southern California Institute of Architecture
https://www.usc.edu/,University of Southern California
https://www.swlaw.edu/,Southwestern Law School
https://www.taftcollege.edu/,Taft College
https://www.cst.edu/,Claremont School of Theology
https://thomasaquinas.edu/,Thomas Aquinas College
https://epic.edu/,Epic Bible College & Graduate School
https://www.ucop.edu/,University of California-System Administration Central Office
https://www.uei.edu/,UEI College-Huntington Park
https://www.concorde.edu/campus/san-bernardino-california,Concorde Career College-San Bernardino
https://www.concorde.edu/campus/north-hollywood-california,Concorde Career College-North Hollywood
https://www.vcccd.edu/,Ventura County Community College System Office
https://www.venturacollege.edu/,Ventura College
https://www.collegesoflaw.edu/,The Colleges of Law at Ventura
https://www.bridgesbeautycollege.com/,Bridges Beauty College
https://www.vvc.edu/,Victor Valley College
https://www.berkeleycitycollege.edu/,Berkeley City College
https://westvalley.edu/,West Valley Mission Community College District Office
https://www.waldenu.edu/,Walden University
https://www.waynescollegeofbeauty.com/,Waynes College of Beauty
https://www.westhillscollege.com/coalinga/,Coalinga College
https://www.wlac.edu/,West Los Angeles College
https://www.westvalley.edu/,West Valley College
https://carrington.edu/,Carrington College-Sacramento
https://www.wscal.edu/,Westminster Theological Seminary in California
https://www.westmont.edu/,Westmont College
https://www.whittier.edu/,Whittier College
https://woodbury.edu/,Woodbury University
https://www.wi.edu/,The Wright Institute
https://www.tjsl.edu/,Thomas Jefferson School of Law
https://www.yoec.edu/,Yeshiva Ohr Elchonon Chabad West Coast Talmudical Seminary
https://www.yosemite.edu/,Yosemite Community College District Office
https://yc.yccd.edu/,Yuba College
https://www.adams.edu/,Adams State University
https://www.aims.edu/,Aims Community College
https://www.arapahoe.edu/,Arapahoe Community College
https://www.belrea.edu/,Bel-Rea Institute of Animal Technology
https://www.ucdenver.edu/,University of Colorado Denver/Anschutz Medical Campus
